用户名,UID,评论视频标题,评论视频 BV,评论内容,评论时间,IP 属地
"哟哟的专场来咯",3084179,"","","[片哥]","2023-12-19 22:45","四川"
"倩倩晚上不爱睡",5498540,"","","[片哥]","2023-12-19 22:45","四川"
"琪琪宝宝_日本演员",12009786,"","","[片哥]","2023-12-19 22:55","北京"
"玲玲想男人",19206556,"“消失的功德”","BV1Mu4y1K7jf","[片哥]","2023-12-19 17","北京"
"小蝶_东京演员",19762887,"","","[片哥]","2023-12-19 22:55","北京"
"甜美小菲",21263021,"","","[片哥]","2023-12-19 22:45","四川"
"三三为六九",38754303,"“消失的功德”","BV1Mu4y1K7jf","新茶       以到  哦豁","2023-12-19 22:41","四川"
"点击噢观看--劲爆內容",67423012,"","","[片哥]","2023-12-19 22:45","四川"
"爱酒醉人心",139302813,"","","[片哥]","2023-12-19 22:45","四川"
"sttt999",279934694,"","","[片哥]","2023-12-19 22:21","四川"
"后悔陪尹哲户",322970136,"","","[片哥]","2023-12-19 22:55","云南"
"vtyhgf",396162644,"","","[片哥]","2023-12-19 23:02","北京"
